width,output
0.7320644216691069,1
0.636896046852123,1
0.4985358711566618,0
0.4494875549048316,0